"path","area","kind","lines","bytes"
".dockerignore","other","other","65","1611"
".github/CODEOWNERS","ci-governance","other","66","4410"
".github/dependabot.yml","ci-governance","yaml","36","891"
".github/ISSUE_TEMPLATE/bug_report.md","ci-governance","markdown","45","1052"
".github/ISSUE_TEMPLATE/feature_request.md","ci-governance","markdown","35","1026"
".github/PULL_REQUEST_TEMPLATE.md","ci-governance","markdown","49","1942"
".github/workflows/build.yml","ci-governance","yaml","415","16134"
".github/workflows/build-watcher-image.yml","ci-governance","yaml","117","4300"
".gitignore","other","other","44","969"
".gitmodules","other","other","13","463"
"AGENTS.md","other","markdown","178","11728"
"ARCHITECTURE.md","root-governance-docs","markdown","167","10130"
"book.toml","other","toml","32","796"
"bridge/neo-zkvm-guest/Cargo.lock","zkvm-bridge","other","282","7052"
"bridge/neo-zkvm-guest/Cargo.toml","zkvm-bridge","toml","32","1255"
"bridge/neo-zkvm-guest/README.md","zkvm-bridge","markdown","101","3793"
"bridge/neo-zkvm-guest/src/lib.rs","zkvm-bridge","rust","379","12264"
"bridge/neo-zkvm-guest/src/main.rs","zkvm-bridge","rust","19","626"
"bridge/neo-zkvm-host/build.rs","zkvm-bridge","rust","96","3245"
"bridge/neo-zkvm-host/Cargo.toml","zkvm-bridge","toml","25","873"
"bridge/neo-zkvm-host/README.md","zkvm-bridge","markdown","143","5583"
"bridge/neo-zkvm-host/src/bin/prove_batch.rs","zkvm-bridge","rust","359","13158"
"bridge/neo-zkvm-host/src/lib.rs","zkvm-bridge","rust","132","5489"
"bridge/neo-zkvm-host/tests/end_to_end.rs","zkvm-bridge","rust","98","3720"
"Cargo.lock","other","other","6197","155087"
"Cargo.toml","other","toml","24","698"
"CHANGELOG.md","other","markdown","5564","365254"
"contracts/Directory.Build.props","contracts","other","42","2053"
"contracts/L2Native.ExternalBridgeContract/L2Native.ExternalBridgeContract.csproj","contracts","csproj","9","216"
"contracts/L2Native.ExternalBridgeContract/L2NativeExternalBridgeContract.cs","contracts","csharp","250","11301"
"contracts/L2Native.L2BatchInfoContract/L2BatchInfoContract.cs","contracts","csharp","98","4193"
"contracts/L2Native.L2BatchInfoContract/L2Native.L2BatchInfoContract.csproj","contracts","csproj","9","210"
"contracts/L2Native.L2BridgeContract/L2BridgeContract.cs","contracts","csharp","152","7026"
"contracts/L2Native.L2BridgeContract/L2Native.L2BridgeContract.csproj","contracts","csproj","9","204"
"contracts/L2Native.L2FeeContract/L2FeeContract.cs","contracts","csharp","125","6327"
"contracts/L2Native.L2FeeContract/L2Native.L2FeeContract.csproj","contracts","csproj","7","196"
"contracts/L2Native.L2MessageContract/L2MessageContract.cs","contracts","csharp","136","6308"
"contracts/L2Native.L2MessageContract/L2Native.L2MessageContract.csproj","contracts","csproj","9","206"
"contracts/L2Native.L2PaymasterContract/L2Native.L2PaymasterContract.csproj","contracts","csproj","7","208"
"contracts/L2Native.L2PaymasterContract/L2PaymasterContract.cs","contracts","csharp","143","6340"
"contracts/L2Native.L2SystemConfigContract/L2Native.L2SystemConfigContract.csproj","contracts","csproj","7","214"
"contracts/L2Native.L2SystemConfigContract/L2SystemConfigContract.cs","contracts","csharp","108","4454"
"contracts/NeoHub.ChainRegistry/ChainRegistryContract.cs","contracts","csharp","354","15553"
"contracts/NeoHub.ChainRegistry/NeoHub.ChainRegistry.csproj","contracts","csproj","9","194"
"contracts/NeoHub.DARegistry/DARegistryContract.cs","contracts","csharp","94","4403"
"contracts/NeoHub.DARegistry/NeoHub.DARegistry.csproj","contracts","csproj","7","186"
"contracts/NeoHub.EmergencyManager/EmergencyManagerContract.cs","contracts","csharp","182","8456"
"contracts/NeoHub.EmergencyManager/NeoHub.EmergencyManager.csproj","contracts","csproj","7","198"
"contracts/NeoHub.ExternalBridgeBond/ExternalBridgeBondContract.cs","contracts","csharp","255","11329"
"contracts/NeoHub.ExternalBridgeBond/NeoHub.ExternalBridgeBond.csproj","contracts","csproj","9","204"
"contracts/NeoHub.ExternalBridgeEscrow/ExternalBridgeEscrowContract.cs","contracts","csharp","297","13683"
"contracts/NeoHub.ExternalBridgeEscrow/NeoHub.ExternalBridgeEscrow.csproj","contracts","csproj","9","208"
"contracts/NeoHub.ExternalBridgeRegistry/ExternalBridgeRegistryContract.cs","contracts","csharp","215","9963"
"contracts/NeoHub.ExternalBridgeRegistry/NeoHub.ExternalBridgeRegistry.csproj","contracts","csproj","9","212"
"contracts/NeoHub.ExternalBridgeStubVerifier/ExternalBridgeStubVerifierContract.cs","contracts","csharp","46","2216"
"contracts/NeoHub.ExternalBridgeStubVerifier/NeoHub.ExternalBridgeStubVerifier.csproj","contracts","csproj","9","220"
"contracts/NeoHub.ForcedInclusion/ForcedInclusionContract.cs","contracts","csharp","337","16210"
"contracts/NeoHub.ForcedInclusion/NeoHub.ForcedInclusion.csproj","contracts","csproj","7","196"
"contracts/NeoHub.GovernanceController/GovernanceControllerContract.cs","contracts","csharp","432","20817"
"contracts/NeoHub.GovernanceController/NeoHub.GovernanceController.csproj","contracts","csproj","7","206"
"contracts/NeoHub.GovernanceFraudVerifier/GovernanceFraudVerifierContract.cs","contracts","csharp","195","8963"
"contracts/NeoHub.GovernanceFraudVerifier/NeoHub.GovernanceFraudVerifier.csproj","contracts","csproj","9","214"
"contracts/NeoHub.MessageRouter/MessageRouterContract.cs","contracts","csharp","258","12623"
"contracts/NeoHub.MessageRouter/NeoHub.MessageRouter.csproj","contracts","csproj","9","194"
"contracts/NeoHub.MpcCommitteeFraudVerifier/MpcCommitteeFraudVerifierContract.cs","contracts","csharp","285","13927"
"contracts/NeoHub.MpcCommitteeFraudVerifier/NeoHub.MpcCommitteeFraudVerifier.csproj","contracts","csproj","9","218"
"contracts/NeoHub.MpcCommitteeVerifier/MpcCommitteeVerifierContract.cs","contracts","csharp","419","19342"
"contracts/NeoHub.MpcCommitteeVerifier/NeoHub.MpcCommitteeVerifier.csproj","contracts","csproj","9","208"
"contracts/NeoHub.OptimisticChallenge/NeoHub.OptimisticChallenge.csproj","contracts","csproj","7","204"
"contracts/NeoHub.OptimisticChallenge/OptimisticChallengeContract.cs","contracts","csharp","276","14199"
"contracts/NeoHub.RestrictedExecutionFraudVerifier/NeoHub.RestrictedExecutionFraudVerifier.csproj","contracts","csproj","9","232"
"contracts/NeoHub.RestrictedExecutionFraudVerifier/RestrictedExecutionFraudVerifierContract.cs","contracts","csharp","457","19885"
"contracts/NeoHub.SequencerBond/NeoHub.SequencerBond.csproj","contracts","csproj","7","192"
"contracts/NeoHub.SequencerBond/SequencerBondContract.cs","contracts","csharp","237","10237"
"contracts/NeoHub.SequencerRegistry/NeoHub.SequencerRegistry.csproj","contracts","csproj","7","200"
"contracts/NeoHub.SequencerRegistry/SequencerRegistryContract.cs","contracts","csharp","254","11140"
"contracts/NeoHub.SettlementManager/NeoHub.SettlementManager.csproj","contracts","csproj","9","202"
"contracts/NeoHub.SettlementManager/SettlementManagerContract.cs","contracts","csharp","506","24506"
"contracts/NeoHub.SharedBridge/NeoHub.SharedBridge.csproj","contracts","csproj","9","192"
"contracts/NeoHub.SharedBridge/SharedBridgeContract.cs","contracts","csharp","438","18211"
"contracts/NeoHub.TokenRegistry/NeoHub.TokenRegistry.csproj","contracts","csproj","9","194"
"contracts/NeoHub.TokenRegistry/TokenRegistryContract.cs","contracts","csharp","126","4894"
"contracts/NeoHub.VerifierRegistry/NeoHub.VerifierRegistry.csproj","contracts","csproj","9","200"
"contracts/NeoHub.VerifierRegistry/VerifierRegistryContract.cs","contracts","csharp","154","7362"
"contracts/README.md","contracts","markdown","66","3472"
"CONTRIBUTING.md","other","markdown","167","8853"
"Directory.Build.props","ci-governance","other","31","1424"
"doc.md","root-governance-docs","markdown","1702","42748"
"docs/architecture-atlas.md","docs","markdown","79","5681"
"docs/architecture-glossary.md","docs","markdown","221","16548"
"docs/architecture-l1-vs-l2.md","docs","markdown","255","13467"
"docs/architecture-l2-lifecycle.md","docs","markdown","393","20912"
"docs/architecture-trust-boundaries.md","docs","markdown","226","14047"
"docs/architecture-walkthrough.md","docs","markdown","312","19105"
"docs/architecture-wire-formats.md","docs","markdown","235","13919"
"docs/audit/production-readiness-audit.md","docs","markdown","261","16841"
"docs/audit/repository-coverage-ledger.md","docs","markdown","28","4343"
"docs/external-bridge-evm-chains.md","docs","markdown","314","15408"
"docs/external-bridge-roadmap.md","docs","markdown","271","12082"
"docs/figures/architecture.svg","docs","svg","128","8790"
"docs/figures/architecture/admission-states.svg","docs","svg","92","4934"
"docs/figures/architecture/bridge-sequences.svg","docs","svg","160","9908"
"docs/figures/architecture/byte-layout-depositpayload.svg","docs","svg","77","5550"
"docs/figures/architecture/byte-layout-externalcrosschainmessage.svg","docs","svg","131","9023"
"docs/figures/architecture/byte-layout-l2batchcommitment.svg","docs","svg","194","11762"
"docs/figures/architecture/byte-layout-l2chainconfig.svg","docs","svg","184","10843"
"docs/figures/architecture/byte-layout-publicinputs.svg","docs","svg","123","8204"
"docs/figures/architecture/chapter-map.svg","docs","svg","89","5861"
"docs/figures/architecture/creation-lifecycle.svg","docs","svg","195","12247"
"docs/figures/architecture/cross-l2-messaging-sequence.svg","docs","svg","122","7951"
"docs/figures/architecture/cross-tier-verification.svg","docs","svg","144","10444"
"docs/figures/architecture/deployment-flow.svg","docs","svg","68","4951"
"docs/figures/architecture/dividing-principle.svg","docs","svg","46","2682"
"docs/figures/architecture/external-bridge-architecture.svg","docs","svg","116","7972"
"docs/figures/architecture/forced-inclusion-step1.svg","docs","svg","77","4722"
"docs/figures/architecture/l1-concerns.svg","docs","svg","174","11609"
"docs/figures/architecture/l1-l2-bridge.svg","docs","svg","112","7593"
"docs/figures/architecture/l1-l2-decision-tree.svg","docs","svg","112","7323"
"docs/figures/architecture/l2-anatomy.svg","docs","svg","94","5476"
"docs/figures/architecture/l2-components.svg","docs","svg","152","9977"
"docs/figures/architecture/l2-concerns.svg","docs","svg","116","7866"
"docs/figures/architecture/neohub-anatomy.svg","docs","svg","103","6911"
"docs/figures/architecture/new-l2-scaffold-tree.svg","docs","svg","80","5115"
"docs/figures/architecture/reading-paths.svg","docs","svg","62","5022"
"docs/figures/architecture/runtime-channels.svg","docs","svg","120","7512"
"docs/figures/architecture/settlement-sequence.svg","docs","svg","111","6769"
"docs/figures/architecture/system-tiers.svg","docs","svg","141","9873"
"docs/figures/architecture/trust-boundaries.svg","docs","svg","107","8007"
"docs/figures/architecture/trust-minimization-gradient.svg","docs","svg","116","8318"
"docs/figures/forced-inclusion.svg","docs","svg","135","9120"
"docs/figures/proof-aggregation.svg","docs","svg","145","9945"
"docs/figures/README.md","docs","markdown","47","2946"
"docs/figures/telemetry-pipeline.svg","docs","svg","128","8626"
"docs/figures/trust-spectrum.svg","docs","svg","142","7729"
"docs/figures/tx-lifecycle.svg","docs","svg","147","8298"
"docs/figures/visual-guide/batch-lifecycle.svg","docs","svg","81","6575"
"docs/figures/visual-guide/data-structures.svg","docs","svg","74","6573"
"docs/figures/visual-guide/deployment-pipeline.svg","docs","svg","75","6092"
"docs/figures/visual-guide/deposit-flow.svg","docs","svg","68","4988"
"docs/figures/visual-guide/external-bridge-flow.svg","docs","svg","75","6243"
"docs/figures/visual-guide/generate.ps1","docs","other","395","23134"
"docs/figures/visual-guide/module-map.svg","docs","svg","85","6847"
"docs/figures/visual-guide/operator-runbook.svg","docs","svg","50","4486"
"docs/figures/visual-guide/project-artifact-map.svg","docs","svg","74","6025"
"docs/figures/visual-guide/README.md","docs","markdown","20","466"
"docs/figures/visual-guide/system-context.svg","docs","svg","71","6088"
"docs/figures/visual-guide/testing-matrix.svg","docs","svg","75","6092"
"docs/figures/visual-guide/trust-boundaries-map.svg","docs","svg","59","6009"
"docs/figures/visual-guide/watcher-state-machine.svg","docs","svg","56","5151"
"docs/figures/visual-guide/withdrawal-flow.svg","docs","svg","70","5165"
"docs/getting-started.md","docs","markdown","169","7010"
"docs/launching-an-l2.md","docs","markdown","790","36817"
"docs/persistence.md","docs","markdown","226","9354"
"docs/plan-application-engine-and-mpt.md","docs","markdown","201","9271"
"docs/README.md","docs","markdown","260","16684"
"docs/release-readiness-checklist.md","docs","markdown","93","4030"
"docs/rust-supply-chain-policy.md","docs","markdown","87","3424"
"docs/security-model.md","docs","markdown","175","10677"
"docs/spec-gap-plan.md","docs","markdown","275","13993"
"docs/SUMMARY.md","docs","markdown","44","1498"
"docs/tech-stack-coverage.md","docs","markdown","212","14617"
"docs/telemetry.md","docs","markdown","223","9471"
"docs/testing-approach.md","docs","markdown","167","10312"
"docs/visual-guide.md","docs","markdown","74","2195"
"docs/wallet-integration.md","docs","markdown","166","6332"
"docs/zh/ARCHITECTURE.md","docs","markdown","187","10020"
"docs/zh/architecture-atlas.md","docs","markdown","73","5699"
"docs/zh/architecture-glossary.md","docs","markdown","219","16438"
"docs/zh/architecture-l1-vs-l2.md","docs","markdown","213","12416"
"docs/zh/architecture-l2-lifecycle.md","docs","markdown","362","19388"
"docs/zh/architecture-trust-boundaries.md","docs","markdown","205","13268"
"docs/zh/architecture-walkthrough.md","docs","markdown","295","17907"
"docs/zh/architecture-wire-formats.md","docs","markdown","201","13347"
"docs/zh/external-bridge-evm-chains.md","docs","markdown","285","14760"
"docs/zh/external-bridge-roadmap.md","docs","markdown","229","10802"
"docs/zh/figures/architecture.svg","docs","svg","102","7296"
"docs/zh/figures/architecture/admission-states.svg","docs","svg","84","4723"
"docs/zh/figures/architecture/bridge-sequences.svg","docs","svg","142","8893"
"docs/zh/figures/architecture/byte-layout-depositpayload.svg","docs","svg","76","5470"
"docs/zh/figures/architecture/byte-layout-externalcrosschainmessage.svg","docs","svg","131","8888"
"docs/zh/figures/architecture/byte-layout-l2batchcommitment.svg","docs","svg","169","10801"
"docs/zh/figures/architecture/byte-layout-l2chainconfig.svg","docs","svg","180","10633"
"docs/zh/figures/architecture/byte-layout-publicinputs.svg","docs","svg","123","8152"
"docs/zh/figures/architecture/chapter-map.svg","docs","svg","80","5347"
"docs/zh/figures/architecture/creation-lifecycle.svg","docs","svg","169","10975"
"docs/zh/figures/architecture/cross-l2-messaging-sequence.svg","docs","svg","108","7269"
"docs/zh/figures/architecture/cross-tier-verification.svg","docs","svg","134","9880"
"docs/zh/figures/architecture/deployment-flow.svg","docs","svg","64","4688"
"docs/zh/figures/architecture/dividing-principle.svg","docs","svg","44","2554"
"docs/zh/figures/architecture/external-bridge-architecture.svg","docs","svg","108","7483"
"docs/zh/figures/architecture/forced-inclusion-step1.svg","docs","svg","69","4445"
"docs/zh/figures/architecture/l1-concerns.svg","docs","svg","165","11013"
"docs/zh/figures/architecture/l1-l2-bridge.svg","docs","svg","105","7241"
"docs/zh/figures/architecture/l1-l2-decision-tree.svg","docs","svg","104","6932"
"docs/zh/figures/architecture/l2-anatomy.svg","docs","svg","87","5228"
"docs/zh/figures/architecture/l2-components.svg","docs","svg","149","9716"
"docs/zh/figures/architecture/l2-concerns.svg","docs","svg","109","7460"
"docs/zh/figures/architecture/neohub-anatomy.svg","docs","svg","93","6493"
"docs/zh/figures/architecture/new-l2-scaffold-tree.svg","docs","svg","74","4919"
"docs/zh/figures/architecture/reading-paths.svg","docs","svg","57","4769"
"docs/zh/figures/architecture/runtime-channels.svg","docs","svg","112","7193"
"docs/zh/figures/architecture/settlement-sequence.svg","docs","svg","96","6029"
"docs/zh/figures/architecture/system-tiers.svg","docs","svg","126","8893"
"docs/zh/figures/architecture/trust-boundaries.svg","docs","svg","101","7299"
"docs/zh/figures/architecture/trust-minimization-gradient.svg","docs","svg","114","8131"
"docs/zh/figures/forced-inclusion.svg","docs","svg","97","6462"
"docs/zh/figures/proof-aggregation.svg","docs","svg","123","8451"
"docs/zh/figures/telemetry-pipeline.svg","docs","svg","114","7743"
"docs/zh/figures/trust-spectrum.svg","docs","svg","131","6941"
"docs/zh/figures/tx-lifecycle.svg","docs","svg","122","7197"
"docs/zh/getting-started.md","docs","markdown","164","6938"
"docs/zh/launching-an-l2.md","docs","markdown","720","34448"
"docs/zh/persistence.md","docs","markdown","209","8996"
"docs/zh/plan-application-engine-and-mpt.md","docs","markdown","176","8740"
"docs/zh/README.md","docs","markdown","231","13342"
"docs/zh/release-readiness-checklist.md","docs","markdown","89","3589"
"docs/zh/rust-supply-chain-policy.md","docs","markdown","81","3171"
"docs/zh/security-model.md","docs","markdown","154","10006"
"docs/zh/spec-gap-plan.md","docs","markdown","209","10998"
"docs/zh/SUMMARY.md","docs","markdown","44","1352"
"docs/zh/tech-stack-coverage.md","docs","markdown","187","13692"
"docs/zh/telemetry.md","docs","markdown","213","8883"
"docs/zh/testing-approach.md","docs","markdown","156","9499"
"docs/zh/visual-guide.md","docs","markdown","72","2162"
"docs/zh/wallet-integration.md","docs","markdown","149","6081"
"docs/zh/WHITEPAPER.md","docs","markdown","541","31888"
"docs/zh/zksync-comparison.md","docs","markdown","194","11935"
"docs/zksync-comparison.md","docs","markdown","210","12954"
"external/foreign-contracts/eth/.gitignore","foreign-contracts","other","8","104"
"external/foreign-contracts/eth/foundry.toml","foreign-contracts","toml","20","322"
"external/foreign-contracts/eth/README.md","foreign-contracts","markdown","197","7663"
"external/foreign-contracts/eth/src/NeoExternalBridgeRouter.sol","foreign-contracts","solidity","394","18401"
"external/foreign-contracts/eth/test/NeoExternalBridgeRouter.t.sol","foreign-contracts","solidity","351","14590"
"external/foreign-contracts/eth/test/NeoExternalBridgeRouterMultiChain.t.sol","foreign-contracts","solidity","383","17854"
"external/foreign-contracts/sol/Anchor.toml","foreign-contracts","toml","20","445"
"external/foreign-contracts/sol/Cargo.lock","foreign-contracts","other","1957","50782"
"external/foreign-contracts/sol/Cargo.toml","foreign-contracts","toml","13","209"
"external/foreign-contracts/sol/programs/neo-external-bridge-router/Cargo.toml","foreign-contracts","toml","20","475"
"external/foreign-contracts/sol/programs/neo-external-bridge-router/src/lib.rs","foreign-contracts","rust","640","25080"
"external/foreign-contracts/sol/README.md","foreign-contracts","markdown","126","5613"
"external/foreign-contracts/tron/README.md","foreign-contracts","markdown","109","4840"
"external/neo","upstream-submodule-boundary","other","0","0"
"external/neo-devpack-dotnet","upstream-submodule-boundary","other","0","0"
"external/neo-riscv-vm","upstream-submodule-boundary","other","0","0"
"external/neo-zkvm","upstream-submodule-boundary","other","0","0"
"global.json","other","json","7","81"
"IMPLEMENTATION_STATUS.md","root-governance-docs","markdown","337","56081"
"LICENSE","root-governance-docs","other","22","1072"
"Neo.L2.sln","ci-governance","other","1573","128923"
"README.md","root-governance-docs","markdown","236","19404"
"samples/contracts/README.md","samples","markdown","65","3184"
"samples/contracts/Sample.CrossChainGreeter/CrossChainGreeter.cs","samples","csharp","97","4714"
"samples/contracts/Sample.CrossChainGreeter/Sample.CrossChainGreeter.csproj","samples","csproj","11","267"
"samples/contracts/Sample.WithdrawalDemo/Sample.WithdrawalDemo.csproj","samples","csproj","11","261"
"samples/contracts/Sample.WithdrawalDemo/WithdrawalDemo.cs","samples","csharp","105","5285"
"samples/exchange-validium.config.json","samples","json","17","894"
"samples/executors/README.md","samples","markdown","67","3570"
"samples/executors/Sample.CounterChainExecutor/CounterChainExecutor.cs","samples","csharp","275","12091"
"samples/executors/Sample.CounterChainExecutor/CounterTxBuilder.cs","samples","csharp","61","2540"
"samples/executors/Sample.CounterChainExecutor/ICounterChainState.cs","samples","csharp","56","2143"
"samples/executors/Sample.CounterChainExecutor/KeyedStateStoreAdapter.cs","samples","csharp","59","2110"
"samples/executors/Sample.CounterChainExecutor/README.md","samples","markdown","92","4868"
"samples/executors/Sample.CounterChainExecutor/Sample.CounterChainExecutor.csproj","samples","csproj","14","420"
"samples/gaming-rollup.config.json","samples","json","17","870"
"samples/general-rollup.config.json","samples","json","17","671"
"samples/privacy-sidechain.config.json","samples","json","17","886"
"samples/README.md","samples","markdown","131","7372"
"samples/watcher-configs/arbitrum-one.toml","samples","toml","33","1547"
"samples/watcher-configs/bsc-mainnet.toml","samples","toml","27","1122"
"samples/watcher-configs/eth-mainnet.toml","samples","toml","33","1401"
"samples/watcher-configs/polygon-mainnet.toml","samples","toml","31","1399"
"samples/watcher-configs/README.md","samples","markdown","99","4437"
"sdk/README.md","sdk","markdown","48","2180"
"sdk/rust/Cargo.lock","sdk","other","1187","29353"
"sdk/rust/Cargo.toml","sdk","toml","18","516"
"sdk/rust/src/lib.rs","sdk","rust","627","19995"
"sdk/rust/tests/integration.rs","sdk","rust","182","5721"
"sdk/typescript/package.json","sdk","json","32","641"
"sdk/typescript/package-lock.json","sdk","json","1281","43309"
"sdk/typescript/README.md","sdk","markdown","48","1304"
"sdk/typescript/src/index.test.ts","sdk","typescript","242","7683"
"sdk/typescript/src/index.ts","sdk","typescript","399","14739"
"sdk/typescript/tsconfig.json","sdk","json","21","519"
"sdk/web-explorer/index.html","sdk","other","292","14997"
"sdk/web-explorer/README.md","sdk","markdown","44","2102"
"SECURITY.md","other","markdown","130","5849"
"src/Neo.L2.Abstractions/IBridgeAdapter.cs","runtime-libraries","csharp","60","2320"
"src/Neo.L2.Abstractions/IDAWriter.cs","runtime-libraries","csharp","31","1081"
"src/Neo.L2.Abstractions/IL2BatchExecutor.cs","runtime-libraries","csharp","29","1219"
"src/Neo.L2.Abstractions/IL2ProofVerifier.cs","runtime-libraries","csharp","47","1716"
"src/Neo.L2.Abstractions/IMessageRouter.cs","runtime-libraries","csharp","43","1872"
"src/Neo.L2.Abstractions/ISettlementClient.cs","runtime-libraries","csharp","58","1926"
"src/Neo.L2.Abstractions/Models/AssetMapping.cs","runtime-libraries","csharp","53","1769"
"src/Neo.L2.Abstractions/Models/BatchInputs.cs","runtime-libraries","csharp","118","4888"
"src/Neo.L2.Abstractions/Models/ChainIdValidator.cs","runtime-libraries","csharp","30","1294"
"src/Neo.L2.Abstractions/Models/ChainMode.cs","runtime-libraries","csharp","23","791"
"src/Neo.L2.Abstractions/Models/CrossChainMessage.cs","runtime-libraries","csharp","65","2400"
"src/Neo.L2.Abstractions/Models/DAMode.cs","runtime-libraries","csharp","23","762"
"src/Neo.L2.Abstractions/Models/DAPayloads.cs","runtime-libraries","csharp","75","2415"
"src/Neo.L2.Abstractions/Models/ExitModel.cs","runtime-libraries","csharp","27","1152"
"src/Neo.L2.Abstractions/Models/ExternalCrossChainMessage.cs","runtime-libraries","csharp","116","5073"
"src/Neo.L2.Abstractions/Models/L2BatchCommitment.cs","runtime-libraries","csharp","103","4288"
"src/Neo.L2.Abstractions/Models/L2ChainConfig.cs","runtime-libraries","csharp","52","2372"
"src/Neo.L2.Abstractions/Models/L2ChainConfigJsonReader.cs","runtime-libraries","csharp","87","3779"
"src/Neo.L2.Abstractions/Models/L2ChainConfigSerializer.cs","runtime-libraries","csharp","133","6472"
"src/Neo.L2.Abstractions/Models/MessageType.cs","runtime-libraries","csharp","26","653"
"src/Neo.L2.Abstractions/Models/ProofPayloads.cs","runtime-libraries","csharp","146","5469"
"src/Neo.L2.Abstractions/Models/ProofType.cs","runtime-libraries","csharp","42","1591"
"src/Neo.L2.Abstractions/Models/SecurityLevel.cs","runtime-libraries","csharp","27","973"
"src/Neo.L2.Abstractions/Models/SequencerModel.cs","runtime-libraries","csharp","26","1074"
"src/Neo.L2.Abstractions/Neo.L2.Abstractions.csproj","runtime-libraries","csproj","16","511"
"src/Neo.L2.Audit/AuditReport.cs","runtime-libraries","csharp","56","2374"
"src/Neo.L2.Audit/BatchRangeCheck.cs","runtime-libraries","csharp","75","2626"
"src/Neo.L2.Audit/ChainAuditor.cs","runtime-libraries","csharp","150","6280"
"src/Neo.L2.Audit/ContinuityCheck.cs","runtime-libraries","csharp","88","3092"
"src/Neo.L2.Audit/DAAvailabilityCheck.cs","runtime-libraries","csharp","107","4374"
"src/Neo.L2.Audit/IAuditCheck.cs","runtime-libraries","csharp","17","601"
"src/Neo.L2.Audit/Neo.L2.Audit.csproj","runtime-libraries","csproj","19","718"
"src/Neo.L2.Audit/NoZeroProofCheck.cs","runtime-libraries","csharp","73","2666"
"src/Neo.L2.Audit/ProofValidityCheck.cs","runtime-libraries","csharp","58","2448"
"src/Neo.L2.Audit/PublicInputHashConsistencyCheck.cs","runtime-libraries","csharp","109","4254"
"src/Neo.L2.Batch/BatchBuilder.cs","runtime-libraries","csharp","149","5865"
"src/Neo.L2.Batch/BatchSerializer.cs","runtime-libraries","csharp","292","13692"
"src/Neo.L2.Batch/L2Batch.cs","runtime-libraries","csharp","121","4453"
"src/Neo.L2.Batch/Neo.L2.Batch.csproj","runtime-libraries","csproj","15","446"
"src/Neo.L2.Bridge/AssetRegistry.cs","runtime-libraries","csharp","113","4589"
"src/Neo.L2.Bridge/DepositPayload.cs","runtime-libraries","csharp","66","3273"
"src/Neo.L2.Bridge/DepositProcessor.cs","runtime-libraries","csharp","134","5991"
"src/Neo.L2.Bridge/External/ExternalAssetTransferPayload.cs","runtime-libraries","csharp","81","3428"
"src/Neo.L2.Bridge/External/IExternalBridgeSigner.cs","runtime-libraries","csharp","38","1695"
"src/Neo.L2.Bridge/External/MpcCommitteePayload.cs","runtime-libraries","csharp","128","5615"
"src/Neo.L2.Bridge/Neo.L2.Bridge.csproj","runtime-libraries","csproj","17","614"
"src/Neo.L2.Bridge/WithdrawalProcessor.cs","runtime-libraries","csharp","126","5747"
"src/Neo.L2.Censorship/CensorshipDetector.cs","runtime-libraries","csharp","150","6721"
"src/Neo.L2.Censorship/CensorshipReport.cs","runtime-libraries","csharp","33","1483"
"src/Neo.L2.Censorship/Neo.L2.Censorship.csproj","runtime-libraries","csproj","18","720"
"src/Neo.L2.Challenge/BisectionGame.cs","runtime-libraries","csharp","171","7080"
"src/Neo.L2.Challenge/ChallengeOrchestrator.cs","runtime-libraries","csharp","185","10393"
"src/Neo.L2.Challenge/FraudProofPayload.cs","runtime-libraries","csharp","308","14314"
"src/Neo.L2.Challenge/IFraudProofGenerator.cs","runtime-libraries","csharp","20","903"
"src/Neo.L2.Challenge/Neo.L2.Challenge.csproj","runtime-libraries","csproj","18","700"
"src/Neo.L2.Challenge/StorageProof.cs","runtime-libraries","csharp","187","9868"
"src/Neo.L2.Challenge/V3StorageProofVerifier.cs","runtime-libraries","csharp","146","6653"
"src/Neo.L2.Executor.RiscV/Neo.L2.Executor.RiscV.csproj","runtime-libraries","csproj","16","528"
"src/Neo.L2.Executor.RiscV/RiscVHost.cs","runtime-libraries","csharp","201","8456"
"src/Neo.L2.Executor/ApplicationEngineTransactionExecutor.cs","runtime-libraries","csharp","310","12861"
"src/Neo.L2.Executor/ITransactionExecutor.cs","runtime-libraries","csharp","49","2204"
"src/Neo.L2.Executor/MerkleStatePostStateRootOracle.cs","runtime-libraries","csharp","102","4105"
"src/Neo.L2.Executor/Neo.L2.Executor.csproj","runtime-libraries","csproj","21","920"
"src/Neo.L2.Executor/NeoVMGenesisBootstrap.cs","runtime-libraries","csharp","177","7811"
"src/Neo.L2.Executor/Receipts/Receipt.cs","runtime-libraries","csharp","49","2167"
"src/Neo.L2.Executor/ReferenceBatchExecutor.cs","runtime-libraries","csharp","206","10056"
"src/Neo.L2.Executor/ReferenceTransactionExecutor.cs","runtime-libraries","csharp","78","2848"
"src/Neo.L2.Executor/SPEC.md","runtime-libraries","markdown","99","5435"
"src/Neo.L2.Executor/State/KeyedStateRootOracle.cs","runtime-libraries","csharp","41","1526"
"src/Neo.L2.Executor/State/KeyedStateStore.cs","runtime-libraries","csharp","114","4976"
"src/Neo.L2.ForcedInclusion/IForcedInclusionSource.cs","runtime-libraries","csharp","53","2365"
"src/Neo.L2.ForcedInclusion/InMemoryForcedInclusionSource.cs","runtime-libraries","csharp","140","5799"
"src/Neo.L2.ForcedInclusion/Neo.L2.ForcedInclusion.csproj","runtime-libraries","csproj","20","893"
"src/Neo.L2.ForcedInclusion/RpcForcedInclusionSource.cs","runtime-libraries","csharp","273","11547"
"src/Neo.L2.Messaging/ExternalMessageBuilder.cs","runtime-libraries","csharp","64","2765"
"src/Neo.L2.Messaging/ExternalMessageHasher.cs","runtime-libraries","csharp","61","3114"
"src/Neo.L2.Messaging/InMemoryMessageRouter.cs","runtime-libraries","csharp","108","4539"
"src/Neo.L2.Messaging/L1MessageInbox.cs","runtime-libraries","csharp","77","3058"
"src/Neo.L2.Messaging/L2Outbox.cs","runtime-libraries","csharp","62","2499"
"src/Neo.L2.Messaging/MessageBuilder.cs","runtime-libraries","csharp","49","1989"
"src/Neo.L2.Messaging/Neo.L2.Messaging.csproj","runtime-libraries","csproj","21","937"
"src/Neo.L2.Messaging/RpcMessageRouter.cs","runtime-libraries","csharp","338","14678"
"src/Neo.L2.Persistence/IL2KeyValueStore.cs","runtime-libraries","csharp","47","2227"
"src/Neo.L2.Persistence/InMemoryKeyValueStore.cs","runtime-libraries","csharp","107","3689"
"src/Neo.L2.Persistence/L2DataCacheAdapter.cs","runtime-libraries","csharp","148","5905"
"src/Neo.L2.Persistence/Neo.L2.Persistence.csproj","runtime-libraries","csproj","24","845"
"src/Neo.L2.Persistence/RocksDbKeyValueStore.cs","runtime-libraries","csharp","153","5390"
"src/Neo.L2.Proving/Attestation/AttestationProver.cs","runtime-libraries","csharp","51","1890"
"src/Neo.L2.Proving/Attestation/AttestationVerifier.cs","runtime-libraries","csharp","89","3876"
"src/Neo.L2.Proving/Attestation/ISignerSet.cs","runtime-libraries","csharp","68","2661"
"src/Neo.L2.Proving/Attestation/MultisigProofPayload.cs","runtime-libraries","csharp","99","4648"
"src/Neo.L2.Proving/Neo.L2.Proving.csproj","runtime-libraries","csproj","17","664"
"src/Neo.L2.Proving/Optimistic/OptimisticProofPayload.cs","runtime-libraries","csharp","105","5126"
"src/Neo.L2.Proving/Optimistic/OptimisticVerifier.cs","runtime-libraries","csharp","70","2864"
"src/Neo.L2.Proving/RiscVZk/RiscVProofPayload.cs","runtime-libraries","csharp","105","4587"
"src/Neo.L2.Proving/RiscVZk/RiscVProver.cs","runtime-libraries","csharp","132","5157"
"src/Neo.L2.Proving/VerifierRegistry.cs","runtime-libraries","csharp","82","4097"
"src/Neo.L2.Sdk/Exceptions.cs","runtime-libraries","csharp","67","2263"
"src/Neo.L2.Sdk/L2RpcClient.cs","runtime-libraries","csharp","345","16382"
"src/Neo.L2.Sdk/Neo.L2.Sdk.csproj","runtime-libraries","csproj","22","947"
"src/Neo.L2.Sdk/Responses.cs","runtime-libraries","csharp","60","1682"
"src/Neo.L2.Sequencer/InMemorySequencerCommitteeProvider.cs","runtime-libraries","csharp","233","10146"
"src/Neo.L2.Sequencer/ISequencerCommitteeProvider.cs","runtime-libraries","csharp","44","1991"
"src/Neo.L2.Sequencer/Neo.L2.Sequencer.csproj","runtime-libraries","csproj","20","851"
"src/Neo.L2.Sequencer/RpcSequencerCommitteeProvider.cs","runtime-libraries","csharp","287","12293"
"src/Neo.L2.Settlement.Rpc/InMemorySettlementClient.cs","runtime-libraries","csharp","156","7593"
"src/Neo.L2.Settlement.Rpc/JsonRpcClient.cs","runtime-libraries","csharp","187","8109"
"src/Neo.L2.Settlement.Rpc/Neo.L2.Settlement.Rpc.csproj","runtime-libraries","csproj","18","683"
"src/Neo.L2.Settlement.Rpc/RpcSettlementClient.cs","runtime-libraries","csharp","169","6910"
"src/Neo.L2.State/KeyedStateMerkleTree.cs","runtime-libraries","csharp","156","6595"
"src/Neo.L2.State/MerkleProofSerializer.cs","runtime-libraries","csharp","107","5077"
"src/Neo.L2.State/MerkleTree.cs","runtime-libraries","csharp","185","7215"
"src/Neo.L2.State/MessageHasher.cs","runtime-libraries","csharp","83","4613"
"src/Neo.L2.State/MessageTree.cs","runtime-libraries","csharp","73","2781"
"src/Neo.L2.State/Neo.L2.State.csproj","runtime-libraries","csproj","15","465"
"src/Neo.L2.State/StateRootCalculator.cs","runtime-libraries","csharp","113","5316"
"src/Neo.L2.State/WithdrawalTree.cs","runtime-libraries","csharp","57","1870"
"src/Neo.L2.Telemetry/IL2Metrics.cs","runtime-libraries","csharp","38","1612"
"src/Neo.L2.Telemetry/InMemoryMetrics.cs","runtime-libraries","csharp","96","3646"
"src/Neo.L2.Telemetry/MetricCatalog.cs","runtime-libraries","csharp","85","5149"
"src/Neo.L2.Telemetry/MetricNames.cs","runtime-libraries","csharp","132","5947"
"src/Neo.L2.Telemetry/MetricsExtensions.cs","runtime-libraries","csharp","34","1677"
"src/Neo.L2.Telemetry/MetricsHttpServer.cs","runtime-libraries","csharp","169","7270"
"src/Neo.L2.Telemetry/MetricsRequestHandler.cs","runtime-libraries","csharp","113","4846"
"src/Neo.L2.Telemetry/MetricsSnapshot.cs","runtime-libraries","csharp","34","1574"
"src/Neo.L2.Telemetry/Neo.L2.Telemetry.csproj","runtime-libraries","csproj","11","344"
"src/Neo.L2.Telemetry/PortValidator.cs","runtime-libraries","csharp","30","1297"
"src/Neo.L2.Telemetry/PrometheusExporter.cs","runtime-libraries","csharp","192","8274"
"src/Neo.Plugins.L2Batch/BatchSealer.cs","node-plugins","csharp","185","8886"
"src/Neo.Plugins.L2Batch/config.json","node-plugins","json","10","174"
"src/Neo.Plugins.L2Batch/L2BatchPlugin.cs","node-plugins","csharp","123","5002"
"src/Neo.Plugins.L2Batch/Neo.Plugins.L2Batch.csproj","node-plugins","csproj","26","1062"
"src/Neo.Plugins.L2Batch/Settings.cs","node-plugins","csharp","69","3044"
"src/Neo.Plugins.L2Bridge/config.json","node-plugins","json","6","55"
"src/Neo.Plugins.L2Bridge/L2BridgePlugin.cs","node-plugins","csharp","79","3807"
"src/Neo.Plugins.L2Bridge/Neo.Plugins.L2Bridge.csproj","node-plugins","csproj","19","761"
"src/Neo.Plugins.L2DA/CommitteeAttestedDAWriter.cs","node-plugins","csharp","136","6441"
"src/Neo.Plugins.L2DA/config.json","node-plugins","json","6","51"
"src/Neo.Plugins.L2DA/InMemoryDAWriter.cs","node-plugins","csharp","55","2174"
"src/Neo.Plugins.L2DA/JsonRpcL1DAWriter.cs","node-plugins","csharp","148","6362"
"src/Neo.Plugins.L2DA/L2DAPlugin.cs","node-plugins","csharp","154","7636"
"src/Neo.Plugins.L2DA/MetricsEmittingDAWriter.cs","node-plugins","csharp","78","3313"
"src/Neo.Plugins.L2DA/Neo.Plugins.L2DA.csproj","node-plugins","csproj","19","784"
"src/Neo.Plugins.L2DA/NeoFsLikeDAWriter.cs","node-plugins","csharp","92","3734"
"src/Neo.Plugins.L2DA/PersistentDAWriter.cs","node-plugins","csharp","88","3440"
"src/Neo.Plugins.L2Gateway/BinaryTreeAggregator.cs","node-plugins","csharp","132","4805"
"src/Neo.Plugins.L2Gateway/config.json","node-plugins","json","6","55"
"src/Neo.Plugins.L2Gateway/IGatewayAggregator.cs","node-plugins","csharp","48","1976"
"src/Neo.Plugins.L2Gateway/IRoundProver.cs","node-plugins","csharp","37","1615"
"src/Neo.Plugins.L2Gateway/L2GatewayPlugin.cs","node-plugins","csharp","55","2098"
"src/Neo.Plugins.L2Gateway/MerklePathRoundProver.cs","node-plugins","csharp","205","9402"
"src/Neo.Plugins.L2Gateway/MultisigRoundProver.cs","node-plugins","csharp","194","8550"
"src/Neo.Plugins.L2Gateway/Neo.Plugins.L2Gateway.csproj","node-plugins","csproj","19","764"
"src/Neo.Plugins.L2Gateway/PassThroughAggregator.cs","node-plugins","csharp","90","3280"
"src/Neo.Plugins.L2Gateway/PassThroughRoundProver.cs","node-plugins","csharp","59","2689"
"src/Neo.Plugins.L2Metrics/config.json","node-plugins","json","8","105"
"src/Neo.Plugins.L2Metrics/L2MetricsPlugin.cs","node-plugins","csharp","120","4646"
"src/Neo.Plugins.L2Metrics/Neo.Plugins.L2Metrics.csproj","node-plugins","csproj","16","604"
"src/Neo.Plugins.L2Metrics/Settings.cs","node-plugins","csharp","36","1494"
"src/Neo.Plugins.L2Prover/config.json","node-plugins","json","6","54"
"src/Neo.Plugins.L2Prover/L2ProverPlugin.cs","node-plugins","csharp","76","3863"
"src/Neo.Plugins.L2Prover/Neo.Plugins.L2Prover.csproj","node-plugins","csproj","17","605"
"src/Neo.Plugins.L2Rpc/IL2RpcStore.cs","node-plugins","csharp","64","2874"
"src/Neo.Plugins.L2Rpc/InMemoryL2RpcStore.cs","node-plugins","csharp","237","10245"
"src/Neo.Plugins.L2Rpc/L2RpcMethods.cs","node-plugins","csharp","258","10551"
"src/Neo.Plugins.L2Rpc/Neo.Plugins.L2Rpc.csproj","node-plugins","csproj","21","900"
"src/Neo.Plugins.L2Settlement/config.json","node-plugins","json","10","218"
"src/Neo.Plugins.L2Settlement/L2SettlementPlugin.cs","node-plugins","csharp","265","12502"
"src/Neo.Plugins.L2Settlement/Neo.Plugins.L2Settlement.csproj","node-plugins","csproj","21","913"
"src/Neo.Plugins.L2Settlement/Settings.cs","node-plugins","csharp","44","1977"
"TASKS.md","root-governance-docs","markdown","137","8686"
"TECH_STACK.md","root-governance-docs","markdown","173","10462"
"tests/Directory.Build.props","tests","other","8","300"
"tests/Neo.External.Bridge.Cli.UnitTests/Neo.External.Bridge.Cli.UnitTests.csproj","tests","csproj","21","622"
"tests/Neo.External.Bridge.Cli.UnitTests/UT_ExternalBridgeCli.cs","tests","csharp","238","8170"
"tests/Neo.Hub.Deploy.UnitTests/Neo.Hub.Deploy.UnitTests.csproj","tests","csproj","21","586"
"tests/Neo.Hub.Deploy.UnitTests/Usings.cs","tests","csharp","3","88"
"tests/Neo.Hub.Deploy.UnitTests/UT_DeployPlanner.cs","tests","csharp","533","23806"
"tests/Neo.Hub.Deploy.UnitTests/UT_PlanCommand.cs","tests","csharp","180","6727"
"tests/Neo.Hub.Deploy.UnitTests/UT_ScaffoldCommand.cs","tests","csharp","94","3205"
"tests/Neo.Hub.Deploy.UnitTests/UT_VerifyCommand.cs","tests","csharp","202","6741"
"tests/Neo.L2.Abstractions.UnitTests/Neo.L2.Abstractions.UnitTests.csproj","tests","csproj","21","591"
"tests/Neo.L2.Abstractions.UnitTests/Usings.cs","tests","csharp","2","59"
"tests/Neo.L2.Abstractions.UnitTests/UT_Interfaces.cs","tests","csharp","82","2400"
"tests/Neo.L2.Abstractions.UnitTests/UT_L2ChainConfigJsonReader.cs","tests","csharp","154","6898"
"tests/Neo.L2.Abstractions.UnitTests/UT_L2ChainConfigSerializer.cs","tests","csharp","177","7320"
"tests/Neo.L2.Abstractions.UnitTests/UT_Models.cs","tests","csharp","338","13048"
"tests/Neo.L2.Abstractions.UnitTests/UT_Samples.cs","tests","csharp","132","5917"
"tests/Neo.L2.Audit.UnitTests/Neo.L2.Audit.UnitTests.csproj","tests","csproj","24","822"
"tests/Neo.L2.Audit.UnitTests/Usings.cs","tests","csharp","5","138"
"tests/Neo.L2.Audit.UnitTests/UT_BatchRangeCheck.cs","tests","csharp","125","4089"
"tests/Neo.L2.Audit.UnitTests/UT_ChainAuditor.cs","tests","csharp","409","17089"
"tests/Neo.L2.Audit.UnitTests/UT_ChainAuditor_Metrics.cs","tests","csharp","114","3993"
"tests/Neo.L2.Audit.UnitTests/UT_DAAvailabilityCheck.cs","tests","csharp","136","4994"
"tests/Neo.L2.Audit.UnitTests/UT_NoZeroProofCheck.cs","tests","csharp","134","4391"
"tests/Neo.L2.Audit.UnitTests/UT_PublicInputHashConsistencyCheck.cs","tests","csharp","160","6192"
"tests/Neo.L2.Batch.UnitTests/Neo.L2.Batch.UnitTests.csproj","tests","csproj","21","576"
"tests/Neo.L2.Batch.UnitTests/Usings.cs","tests","csharp","4","107"
"tests/Neo.L2.Batch.UnitTests/UT_BatchBuilder.cs","tests","csharp","160","6225"
"tests/Neo.L2.Batch.UnitTests/UT_BatchSerializer.cs","tests","csharp","305","13340"
"tests/Neo.L2.Bridge.Cli.UnitTests/Neo.L2.Bridge.Cli.UnitTests.csproj","tests","csproj","23","764"
"tests/Neo.L2.Bridge.Cli.UnitTests/Usings.cs","tests","csharp","6","171"
"tests/Neo.L2.Bridge.Cli.UnitTests/UT_InvocationBuilder.cs","tests","csharp","181","8413"
"tests/Neo.L2.Bridge.Cli.UnitTests/UT_MerkleProofDecoder.cs","tests","csharp","111","3988"
"tests/Neo.L2.Bridge.UnitTests/Neo.L2.Bridge.UnitTests.csproj","tests","csproj","23","752"
"tests/Neo.L2.Bridge.UnitTests/Usings.cs","tests","csharp","5","139"
"tests/Neo.L2.Bridge.UnitTests/UT_Bridge.cs","tests","csharp","632","26907"
"tests/Neo.L2.Bridge.UnitTests/UT_Bridge_Metrics.cs","tests","csharp","188","7083"
"tests/Neo.L2.Bridge.UnitTests/UT_BridgeInvariants_PropertyBased.cs","tests","csharp","348","13390"
"tests/Neo.L2.Bridge.UnitTests/UT_External.cs","tests","csharp","219","8142"
"tests/Neo.L2.Bridge.UnitTests/UT_External_RealCrypto.cs","tests","csharp","263","11724"
"tests/Neo.L2.Bridge.UnitTests/UT_MpcFraudProof_RealCrypto.cs","tests","csharp","289","13717"
"tests/Neo.L2.Censorship.UnitTests/Neo.L2.Censorship.UnitTests.csproj","tests","csproj","22","682"
"tests/Neo.L2.Censorship.UnitTests/Usings.cs","tests","csharp","4","122"
"tests/Neo.L2.Censorship.UnitTests/UT_Censorship_Metrics.cs","tests","csharp","67","2318"
"tests/Neo.L2.Censorship.UnitTests/UT_CensorshipDetector.cs","tests","csharp","254","10858"
"tests/Neo.L2.Challenge.UnitTests/Neo.L2.Challenge.UnitTests.csproj","tests","csproj","22","678"
"tests/Neo.L2.Challenge.UnitTests/Usings.cs","tests","csharp","5","142"
"tests/Neo.L2.Challenge.UnitTests/UT_BisectionGame.cs","tests","csharp","165","6218"
"tests/Neo.L2.Challenge.UnitTests/UT_Challenge.cs","tests","csharp","614","24826"
"tests/Neo.L2.Challenge.UnitTests/UT_Challenge_Metrics.cs","tests","csharp","42","1289"
"tests/Neo.L2.Challenge.UnitTests/UT_ChallengeOrchestrator_WithBisection.cs","tests","csharp","341","14562"
"tests/Neo.L2.Challenge.UnitTests/UT_GovernanceFraudVerifierParity.cs","tests","csharp","265","10910"
"tests/Neo.L2.Challenge.UnitTests/UT_RestrictedExecutionFraudVerifierParity.cs","tests","csharp","541","22846"
"tests/Neo.L2.Challenge.UnitTests/UT_V3StorageProofVerifier.cs","tests","csharp","242","9389"
"tests/Neo.L2.Devnet.UnitTests/Neo.L2.Devnet.UnitTests.csproj","tests","csproj","21","582"
"tests/Neo.L2.Devnet.UnitTests/Usings.cs","tests","csharp","2","59"
"tests/Neo.L2.Devnet.UnitTests/UT_DevnetArgs.cs","tests","csharp","161","5457"
"tests/Neo.L2.Devnet.UnitTests/UT_DevnetLabelOverrides.cs","tests","csharp","258","10083"
"tests/Neo.L2.Executor.RiscV.UnitTests/Neo.L2.Executor.RiscV.UnitTests.csproj","tests","csproj","21","612"
"tests/Neo.L2.Executor.RiscV.UnitTests/Usings.cs","tests","csharp","3","95"
"tests/Neo.L2.Executor.RiscV.UnitTests/UT_RiscVHost.cs","tests","csharp","80","3521"
"tests/Neo.L2.Executor.UnitTests/Neo.L2.Executor.UnitTests.csproj","tests","csproj","23","743"
"tests/Neo.L2.Executor.UnitTests/Usings.cs","tests","csharp","4","110"
"tests/Neo.L2.Executor.UnitTests/UT_ApplicationEngineTransactionExecutor.cs","tests","csharp","158","6812"
"tests/Neo.L2.Executor.UnitTests/UT_BootstrapDiagnostic.cs","tests","csharp","63","2264"
"tests/Neo.L2.Executor.UnitTests/UT_KeyedStateStore.cs","tests","csharp","173","6331"
"tests/Neo.L2.Executor.UnitTests/UT_KeyedStateStore_Persistence.cs","tests","csharp","123","5020"
"tests/Neo.L2.Executor.UnitTests/UT_MerkleStatePostStateRootOracle.cs","tests","csharp","96","3611"
"tests/Neo.L2.Executor.UnitTests/UT_NeoVMGenesisBootstrap.cs","tests","csharp","93","3857"
"tests/Neo.L2.Executor.UnitTests/UT_ReferenceBatchExecutor.cs","tests","csharp","480","20249"
"tests/Neo.L2.Explore.UnitTests/BatchFactory.cs","tests","csharp","61","2241"
"tests/Neo.L2.Explore.UnitTests/Neo.L2.Explore.UnitTests.csproj","tests","csproj","22","674"
"tests/Neo.L2.Explore.UnitTests/StubBackedClient.cs","tests","csharp","93","3765"
"tests/Neo.L2.Explore.UnitTests/Usings.cs","tests","csharp","5","134"
"tests/Neo.L2.Explore.UnitTests/UT_AuditCommand.cs","tests","csharp","132","4512"
"tests/Neo.L2.Explore.UnitTests/UT_BatchCommand.cs","tests","csharp","82","2683"
"tests/Neo.L2.Explore.UnitTests/UT_LabelCommand.cs","tests","csharp","78","2444"
"tests/Neo.L2.Explore.UnitTests/UT_TailCommand.cs","tests","csharp","118","3854"
"tests/Neo.L2.Faucet.Cli.UnitTests/Neo.L2.Faucet.Cli.UnitTests.csproj","tests","csproj","23","753"
"tests/Neo.L2.Faucet.Cli.UnitTests/UT_FaucetJournal.cs","tests","csharp","72","2667"
"tests/Neo.L2.Faucet.Cli.UnitTests/UT_FaucetPolicy.cs","tests","csharp","86","3269"
"tests/Neo.L2.ForcedInclusion.UnitTests/Neo.L2.ForcedInclusion.UnitTests.csproj","tests","csproj","23","792"
"tests/Neo.L2.ForcedInclusion.UnitTests/StubRpcHandler.cs","tests","csharp","67","2590"
"tests/Neo.L2.ForcedInclusion.UnitTests/Usings.cs","tests","csharp","5","148"
"tests/Neo.L2.ForcedInclusion.UnitTests/UT_ForcedInclusion_Metrics.cs","tests","csharp","35","882"
"tests/Neo.L2.ForcedInclusion.UnitTests/UT_ForcedInclusion_Persistence.cs","tests","csharp","122","4471"
"tests/Neo.L2.ForcedInclusion.UnitTests/UT_InMemoryForcedInclusionSource.cs","tests","csharp","123","4291"
"tests/Neo.L2.ForcedInclusion.UnitTests/UT_RpcForcedInclusionSource.cs","tests","csharp","222","8719"
"tests/Neo.L2.IntegrationTests/Neo.L2.IntegrationTests.csproj","tests","csproj","45","2702"
"tests/Neo.L2.IntegrationTests/Usings.cs","tests","csharp","3","80"
"tests/Neo.L2.IntegrationTests/UT_E2E_AuditPipeline.cs","tests","csharp","238","10403"
"tests/Neo.L2.IntegrationTests/UT_E2E_CustomExecutor_FullStack.cs","tests","csharp","300","14910"
"tests/Neo.L2.IntegrationTests/UT_E2E_L1RpcPollers_FullStack.cs","tests","csharp","404","19598"
"tests/Neo.L2.IntegrationTests/UT_E2E_L2MetricsPlugin_CompositionRoot.cs","tests","csharp","118","5127"
"tests/Neo.L2.IntegrationTests/UT_E2E_Persistence_FullStack.cs","tests","csharp","155","7908"
"tests/Neo.L2.IntegrationTests/UT_E2E_RealVM_FullStack.cs","tests","csharp","177","7954"
"tests/Neo.L2.IntegrationTests/UT_E2E_Telemetry_Pipeline.cs","tests","csharp","144","6452"
"tests/Neo.L2.IntegrationTests/UT_Mvp_AllPhases_FullStack.cs","tests","csharp","190","8571"
"tests/Neo.L2.IntegrationTests/UT_Mvp_Phase0_Sidechain.cs","tests","csharp","215","8835"
"tests/Neo.L2.IntegrationTests/UT_Mvp_Phase1_Cross_Component.cs","tests","csharp","267","11210"
"tests/Neo.L2.IntegrationTests/UT_Mvp_Phase2_FullStack.cs","tests","csharp","236","10086"
"tests/Neo.L2.IntegrationTests/UT_Mvp_Phase3_OptimisticChallenge.cs","tests","csharp","245","10683"
"tests/Neo.L2.Messaging.UnitTests/Neo.L2.Messaging.UnitTests.csproj","tests","csproj","23","768"
"tests/Neo.L2.Messaging.UnitTests/StubRpcHandler.cs","tests","csharp","63","2374"
"tests/Neo.L2.Messaging.UnitTests/Usings.cs","tests","csharp","5","142"
"tests/Neo.L2.Messaging.UnitTests/UT_ExternalMessageHasher.cs","tests","csharp","139","6502"
"tests/Neo.L2.Messaging.UnitTests/UT_MessageRouter_Persistence.cs","tests","csharp","92","3613"
"tests/Neo.L2.Messaging.UnitTests/UT_Messaging.cs","tests","csharp","320","11881"
"tests/Neo.L2.Messaging.UnitTests/UT_Messaging_Metrics.cs","tests","csharp","41","1138"
"tests/Neo.L2.Messaging.UnitTests/UT_RpcMessageRouter.cs","tests","csharp","249","10051"
"tests/Neo.L2.Persistence.UnitTests/Neo.L2.Persistence.UnitTests.csproj","tests","csproj","22","665"
"tests/Neo.L2.Persistence.UnitTests/Usings.cs","tests","csharp","3","92"
"tests/Neo.L2.Persistence.UnitTests/UT_KeyValueStore.cs","tests","csharp","218","7312"
"tests/Neo.L2.Persistence.UnitTests/UT_L2DataCacheAdapter.cs","tests","csharp","145","5310"
"tests/Neo.L2.Proving.UnitTests/Neo.L2.Proving.UnitTests.csproj","tests","csproj","21","584"
"tests/Neo.L2.Proving.UnitTests/Usings.cs","tests","csharp","4","109"
"tests/Neo.L2.Proving.UnitTests/UT_Attestation.cs","tests","csharp","366","16370"
"tests/Neo.L2.Proving.UnitTests/UT_OptimisticAndRiscV.cs","tests","csharp","567","24565"
"tests/Neo.L2.Sdk.UnitTests/Neo.L2.Sdk.UnitTests.csproj","tests","csproj","22","656"
"tests/Neo.L2.Sdk.UnitTests/StubHttpHandler.cs","tests","csharp","74","2634"
"tests/Neo.L2.Sdk.UnitTests/Usings.cs","tests","csharp","4","105"
"tests/Neo.L2.Sdk.UnitTests/UT_L2RpcClient_ContractWithServer.cs","tests","csharp","179","7272"
"tests/Neo.L2.Sdk.UnitTests/UT_L2RpcClient_ErrorPaths.cs","tests","csharp","148","5884"
"tests/Neo.L2.Sdk.UnitTests/UT_L2RpcClient_HappyPath.cs","tests","csharp","249","9001"
"tests/Neo.L2.Sequencer.UnitTests/Neo.L2.Sequencer.UnitTests.csproj","tests","csproj","23","768"
"tests/Neo.L2.Sequencer.UnitTests/StubRpcHandler.cs","tests","csharp","71","2916"
"tests/Neo.L2.Sequencer.UnitTests/Usings.cs","tests","csharp","4","121"
"tests/Neo.L2.Sequencer.UnitTests/UT_InMemorySequencerCommitteeProvider.cs","tests","csharp","197","7465"
"tests/Neo.L2.Sequencer.UnitTests/UT_RpcSequencerCommitteeProvider.cs","tests","csharp","200","8072"
"tests/Neo.L2.Sequencer.UnitTests/UT_Sequencer_Metrics.cs","tests","csharp","72","2170"
"tests/Neo.L2.Sequencer.UnitTests/UT_Sequencer_Persistence.cs","tests","csharp","148","5380"
"tests/Neo.L2.Settlement.Rpc.UnitTests/Neo.L2.Settlement.Rpc.UnitTests.csproj","tests","csproj","21","612"
"tests/Neo.L2.Settlement.Rpc.UnitTests/Usings.cs","tests","csharp","4","116"
"tests/Neo.L2.Settlement.Rpc.UnitTests/UT_InMemorySettlementClient.cs","tests","csharp","221","9220"
"tests/Neo.L2.Settlement.Rpc.UnitTests/UT_RpcSettlementClient.cs","tests","csharp","409","18576"
"tests/Neo.L2.State.UnitTests/Neo.L2.State.UnitTests.csproj","tests","csproj","22","660"
"tests/Neo.L2.State.UnitTests/Usings.cs","tests","csharp","4","107"
"tests/Neo.L2.State.UnitTests/UT_KeyedStateMerkleTree.cs","tests","csharp","135","4582"
"tests/Neo.L2.State.UnitTests/UT_KeyedStateMerkleTree_NeoClassicParity.cs","tests","csharp","70","3014"
"tests/Neo.L2.State.UnitTests/UT_MerkleProofSerializer.cs","tests","csharp","216","8225"
"tests/Neo.L2.State.UnitTests/UT_MerkleTree.cs","tests","csharp","176","6198"
"tests/Neo.L2.State.UnitTests/UT_MessageHasher.cs","tests","csharp","247","10250"
"tests/Neo.L2.State.UnitTests/UT_OnChainMerkleVerifyParity.cs","tests","csharp","156","6630"
"tests/Neo.L2.State.UnitTests/UT_Trees.cs","tests","csharp","236","9461"
"tests/Neo.L2.State.UnitTests/UT_WireFormat_Fuzz.cs","tests","csharp","236","9601"
"tests/Neo.L2.Telemetry.UnitTests/Neo.L2.Telemetry.UnitTests.csproj","tests","csproj","21","592"
"tests/Neo.L2.Telemetry.UnitTests/Usings.cs","tests","csharp","3","90"
"tests/Neo.L2.Telemetry.UnitTests/UT_MetricCatalog.cs","tests","csharp","105","4117"
"tests/Neo.L2.Telemetry.UnitTests/UT_Metrics.cs","tests","csharp","87","3127"
"tests/Neo.L2.Telemetry.UnitTests/UT_MetricsExtensions.cs","tests","csharp","64","2499"
"tests/Neo.L2.Telemetry.UnitTests/UT_MetricsHttpServer.cs","tests","csharp","192","8787"
"tests/Neo.L2.Telemetry.UnitTests/UT_MetricsRequestHandler.cs","tests","csharp","204","7059"
"tests/Neo.L2.Telemetry.UnitTests/UT_PortValidator.cs","tests","csharp","38","1265"
"tests/Neo.L2.Telemetry.UnitTests/UT_PrometheusExporter.cs","tests","csharp","262","9990"
"tests/Neo.Plugins.L2Batch.UnitTests/Neo.Plugins.L2Batch.UnitTests.csproj","tests","csproj","22","690"
"tests/Neo.Plugins.L2Batch.UnitTests/Usings.cs","tests","csharp","6","158"
"tests/Neo.Plugins.L2Batch.UnitTests/UT_BatchSealer.cs","tests","csharp","297","12441"
"tests/Neo.Plugins.L2Batch.UnitTests/UT_L2BatchPlugin.cs","tests","csharp","90","3388"
"tests/Neo.Plugins.L2Bridge.UnitTests/Neo.Plugins.L2Bridge.UnitTests.csproj","tests","csproj","22","694"
"tests/Neo.Plugins.L2Bridge.UnitTests/Usings.cs","tests","csharp","6","158"
"tests/Neo.Plugins.L2Bridge.UnitTests/UT_L2BridgePlugin.cs","tests","csharp","185","8265"
"tests/Neo.Plugins.L2DA.UnitTests/Neo.Plugins.L2DA.UnitTests.csproj","tests","csproj","23","768"
"tests/Neo.Plugins.L2DA.UnitTests/Usings.cs","tests","csharp","7","191"
"tests/Neo.Plugins.L2DA.UnitTests/UT_CommitteeAttestedDAWriter.cs","tests","csharp","242","9273"
"tests/Neo.Plugins.L2DA.UnitTests/UT_DAWriters.cs","tests","csharp","389","15732"
"tests/Neo.Plugins.L2DA.UnitTests/UT_JsonRpcL1DAWriter.cs","tests","csharp","246","10296"
"tests/Neo.Plugins.L2DA.UnitTests/UT_MetricsEmittingDAWriter.cs","tests","csharp","152","6819"
"tests/Neo.Plugins.L2DA.UnitTests/UT_PersistentDAWriter.cs","tests","csharp","165","6396"
"tests/Neo.Plugins.L2Gateway.UnitTests/Neo.Plugins.L2Gateway.UnitTests.csproj","tests","csproj","22","698"
"tests/Neo.Plugins.L2Gateway.UnitTests/Usings.cs","tests","csharp","5","147"
"tests/Neo.Plugins.L2Gateway.UnitTests/UT_BinaryTreeAggregator.cs","tests","csharp","215","8244"
"tests/Neo.Plugins.L2Gateway.UnitTests/UT_BinaryTreeAggregator_Metrics.cs","tests","csharp","135","5164"
"tests/Neo.Plugins.L2Gateway.UnitTests/UT_L2GatewayPlugin.cs","tests","csharp","108","3782"
"tests/Neo.Plugins.L2Gateway.UnitTests/UT_MerklePathRoundProver.cs","tests","csharp","173","8143"
"tests/Neo.Plugins.L2Gateway.UnitTests/UT_MultisigRoundProver.cs","tests","csharp","223","9513"
"tests/Neo.Plugins.L2Gateway.UnitTests/UT_PassThroughAggregator.cs","tests","csharp","87","2825"
"tests/Neo.Plugins.L2Gateway.UnitTests/UT_PassThroughRoundProver.cs","tests","csharp","124","5568"
"tests/Neo.Plugins.L2Metrics.UnitTests/Neo.Plugins.L2Metrics.UnitTests.csproj","tests","csproj","22","698"
"tests/Neo.Plugins.L2Metrics.UnitTests/Usings.cs","tests","csharp","4","119"
"tests/Neo.Plugins.L2Metrics.UnitTests/UT_L2MetricsPlugin.cs","tests","csharp","209","7549"
"tests/Neo.Plugins.L2Prover.UnitTests/Neo.Plugins.L2Prover.UnitTests.csproj","tests","csproj","21","608"
"tests/Neo.Plugins.L2Prover.UnitTests/Usings.cs","tests","csharp","8","234"
"tests/Neo.Plugins.L2Prover.UnitTests/UT_L2ProverPlugin.cs","tests","csharp","117","4527"
"tests/Neo.Plugins.L2Rpc.UnitTests/Neo.Plugins.L2Rpc.UnitTests.csproj","tests","csproj","23","772"
"tests/Neo.Plugins.L2Rpc.UnitTests/Usings.cs","tests","csharp","5","143"
"tests/Neo.Plugins.L2Rpc.UnitTests/UT_L2RpcMethods.cs","tests","csharp","464","21699"
"tests/Neo.Plugins.L2Rpc.UnitTests/UT_L2RpcMethods_Metrics.cs","tests","csharp","72","3011"
"tests/Neo.Plugins.L2Rpc.UnitTests/UT_L2RpcStore_Persistence.cs","tests","csharp","138","5514"
"tests/Neo.Plugins.L2Settlement.UnitTests/Neo.Plugins.L2Settlement.UnitTests.csproj","tests","csproj","22","710"
"tests/Neo.Plugins.L2Settlement.UnitTests/Usings.cs","tests","csharp","6","158"
"tests/Neo.Plugins.L2Settlement.UnitTests/UT_L2SettlementPlugin_Metrics.cs","tests","csharp","475","21531"
"tests/Neo.Plugins.L2Settlement.UnitTests/UT_L2SettlementSettings.cs","tests","csharp","80","3078"
"tests/Neo.Stack.Cli.UnitTests/Neo.Stack.Cli.UnitTests.csproj","tests","csproj","22","660"
"tests/Neo.Stack.Cli.UnitTests/Usings.cs","tests","csharp","2","59"
"tests/Neo.Stack.Cli.UnitTests/UT_ArgUtil.cs","tests","csharp","100","3932"
"tests/Neo.Stack.Cli.UnitTests/UT_CreateChainCommand.cs","tests","csharp","312","12179"
"tests/Neo.Stack.Cli.UnitTests/UT_DeployBridgeAdapterCommand.cs","tests","csharp","121","3773"
"tests/Neo.Stack.Cli.UnitTests/UT_InitL2Command.cs","tests","csharp","231","7818"
"tests/Neo.Stack.Cli.UnitTests/UT_ListTemplatesCommand.cs","tests","csharp","157","6092"
"tests/Neo.Stack.Cli.UnitTests/UT_NewL2Command.cs","tests","csharp","254","10880"
"tests/Neo.Stack.Cli.UnitTests/UT_QuickPathIntegration.cs","tests","csharp","186","7004"
"tests/Neo.Stack.Cli.UnitTests/UT_RegisterChainCommand.cs","tests","csharp","224","8895"
"tests/Neo.Stack.Cli.UnitTests/UT_ScaffoldExecutorCommand.cs","tests","csharp","311","13118"
"tests/Neo.Stack.Cli.UnitTests/UT_StartCommands.cs","tests","csharp","158","5137"
"tests/Neo.Stack.Cli.UnitTests/UT_SubmitBatchCommand.cs","tests","csharp","190","6668"
"tests/Neo.Stack.Cli.UnitTests/UT_ValidateChainConfigCommand.cs","tests","csharp","490","22755"
"tests/Sample.CounterChainExecutor.UnitTests/Sample.CounterChainExecutor.UnitTests.csproj","tests","csproj","22","734"
"tests/Sample.CounterChainExecutor.UnitTests/Usings.cs","tests","csharp","5","140"
"tests/Sample.CounterChainExecutor.UnitTests/UT_CounterChainExecutor.cs","tests","csharp","329","13380"
"tests/Sample.CounterChainExecutor.UnitTests/UT_KeyedStateStoreAdapter.cs","tests","csharp","91","3318"
"tools/manuscript/build.sh","operator-tools","other","254","9318"
"tools/manuscript/manifest-en.txt","operator-tools","other","37","900"
"tools/manuscript/manifest-en-essentials.txt","operator-tools","other","31","999"
"tools/manuscript/manifest-zh.txt","operator-tools","other","36","859"
"tools/manuscript/manifest-zh-essentials.txt","operator-tools","other","29","862"
"tools/manuscript/metadata-en.yaml","operator-tools","yaml","61","1759"
"tools/manuscript/metadata-en-essentials.yaml","operator-tools","yaml","72","2394"
"tools/manuscript/metadata-zh.yaml","operator-tools","yaml","62","1767"
"tools/manuscript/metadata-zh-essentials.yaml","operator-tools","yaml","70","2317"
"tools/manuscript/README.md","operator-tools","markdown","153","6276"
"tools/Neo.External.Bridge.Cli/Commands/Args.cs","operator-tools","csharp","39","1147"
"tools/Neo.External.Bridge.Cli/Commands/CommitteeBlobCommand.cs","operator-tools","csharp","185","7129"
"tools/Neo.External.Bridge.Cli/Commands/DeployBundleCommand.cs","operator-tools","csharp","232","11132"
"tools/Neo.External.Bridge.Cli/Commands/GenKeyCommand.cs","operator-tools","csharp","147","5852"
"tools/Neo.External.Bridge.Cli/Neo.External.Bridge.Cli.csproj","operator-tools","csproj","21","1071"
"tools/Neo.External.Bridge.Cli/Program.cs","operator-tools","csharp","86","3161"
"tools/Neo.Hub.Deploy/DeployBundle.cs","operator-tools","csharp","63","2185"
"tools/Neo.Hub.Deploy/DeployPlan.cs","operator-tools","csharp","106","4105"
"tools/Neo.Hub.Deploy/DeployPlanner.cs","operator-tools","csharp","139","5661"
"tools/Neo.Hub.Deploy/Neo.Hub.Deploy.csproj","operator-tools","csproj","18","615"
"tools/Neo.Hub.Deploy/PlanCommand.cs","operator-tools","csharp","107","3727"
"tools/Neo.Hub.Deploy/Program.cs","operator-tools","csharp","68","1970"
"tools/Neo.Hub.Deploy/ScaffoldCommand.cs","operator-tools","csharp","61","1818"
"tools/Neo.Hub.Deploy/ScaffoldPlan.cs","operator-tools","csharp","343","20322"
"tools/Neo.Hub.Deploy/VerifyCommand.cs","operator-tools","csharp","88","3382"
"tools/Neo.L2.Bridge.Cli/Commands/Args.cs","operator-tools","csharp","92","2733"
"tools/Neo.L2.Bridge.Cli/Commands/AuditWithdrawalCommand.cs","operator-tools","csharp","50","2124"
"tools/Neo.L2.Bridge.Cli/Commands/DepositCommand.cs","operator-tools","csharp","55","2489"
"tools/Neo.L2.Bridge.Cli/Commands/InvocationBuilder.cs","operator-tools","csharp","125","5053"
"tools/Neo.L2.Bridge.Cli/Commands/MerkleProofDecoder.cs","operator-tools","csharp","52","2207"
"tools/Neo.L2.Bridge.Cli/Commands/QueryDepositCommand.cs","operator-tools","csharp","42","1682"
"tools/Neo.L2.Bridge.Cli/Commands/WithdrawCommand.cs","operator-tools","csharp","118","5232"
"tools/Neo.L2.Bridge.Cli/Neo.L2.Bridge.Cli.csproj","operator-tools","csproj","24","1018"
"tools/Neo.L2.Bridge.Cli/Program.cs","operator-tools","csharp","103","5392"
"tools/Neo.L2.Devnet/DevnetArgs.cs","operator-tools","csharp","77","2895"
"tools/Neo.L2.Devnet/DevnetLabelOverrides.cs","operator-tools","csharp","77","3438"
"tools/Neo.L2.Devnet/Neo.L2.Devnet.csproj","operator-tools","csproj","29","1627"
"tools/Neo.L2.Devnet/Program.cs","operator-tools","csharp","615","33441"
"tools/Neo.L2.Explore/Commands/AuditCommand.cs","operator-tools","csharp","118","4344"
"tools/Neo.L2.Explore/Commands/BatchCommand.cs","operator-tools","csharp","56","2441"
"tools/Neo.L2.Explore/Commands/CommonArgs.cs","operator-tools","csharp","64","2038"
"tools/Neo.L2.Explore/Commands/LabelCommand.cs","operator-tools","csharp","32","1140"
"tools/Neo.L2.Explore/Commands/TailCommand.cs","operator-tools","csharp","62","2449"
"tools/Neo.L2.Explore/Neo.L2.Explore.csproj","operator-tools","csproj","20","755"
"tools/Neo.L2.Explore/Program.cs","operator-tools","csharp","87","3752"
"tools/Neo.L2.Faucet.Cli/FaucetJournal.cs","operator-tools","csharp","110","4607"
"tools/Neo.L2.Faucet.Cli/FaucetPolicy.cs","operator-tools","csharp","78","3175"
"tools/Neo.L2.Faucet.Cli/Neo.L2.Faucet.Cli.csproj","operator-tools","csproj","22","966"
"tools/Neo.L2.Faucet.Cli/Program.cs","operator-tools","csharp","247","9490"
"tools/Neo.Stack.Cli/Commands/ArgUtil.cs","operator-tools","csharp","23","492"
"tools/Neo.Stack.Cli/Commands/CreateChainCommand.cs","operator-tools","csharp","76","3743"
"tools/Neo.Stack.Cli/Commands/InitL2Command.cs","operator-tools","csharp","59","2609"
"tools/Neo.Stack.Cli/Commands/ListTemplatesCommand.cs","operator-tools","csharp","68","3231"
"tools/Neo.Stack.Cli/Commands/NewL2Command.cs","operator-tools","csharp","178","8607"
"tools/Neo.Stack.Cli/Commands/ScaffoldExecutorCommand.cs","operator-tools","csharp","574","27002"
"tools/Neo.Stack.Cli/Commands/StubCommands.cs","operator-tools","csharp","327","16520"
"tools/Neo.Stack.Cli/Commands/TemplateCatalog.cs","operator-tools","csharp","70","4406"
"tools/Neo.Stack.Cli/Commands/ValidateChainConfigCommand.cs","operator-tools","csharp","209","10405"
"tools/Neo.Stack.Cli/Neo.Stack.Cli.csproj","operator-tools","csproj","21","638"
"tools/Neo.Stack.Cli/Program.cs","operator-tools","csharp","84","3400"
"watchers/neo-bridge-watcher-eth/Cargo.toml","bridge-watchers","toml","56","2563"
"watchers/neo-bridge-watcher-eth/deploy/k8s.yaml","bridge-watchers","yaml","166","6016"
"watchers/neo-bridge-watcher-eth/deploy/neo-bridge-watcher.service","bridge-watchers","other","70","2493"
"watchers/neo-bridge-watcher-eth/deploy/README.md","bridge-watchers","markdown","191","8105"
"watchers/neo-bridge-watcher-eth/Dockerfile","bridge-watchers","other","89","4421"
"watchers/neo-bridge-watcher-eth/README.md","bridge-watchers","markdown","262","14079"
"watchers/neo-bridge-watcher-eth/src/bin/neo-bridge-watcher-eth.rs","bridge-watchers","rust","972","40138"
"watchers/neo-bridge-watcher-eth/src/chains.rs","bridge-watchers","rust","614","26808"
"watchers/neo-bridge-watcher-eth/src/core.rs","bridge-watchers","rust","429","16370"
"watchers/neo-bridge-watcher-eth/src/event_source.rs","bridge-watchers","rust","135","4377"
"watchers/neo-bridge-watcher-eth/src/journal.rs","bridge-watchers","rust","78","2466"
"watchers/neo-bridge-watcher-eth/src/lib.rs","bridge-watchers","rust","59","2656"
"watchers/neo-bridge-watcher-eth/src/live/eth_rpc.rs","bridge-watchers","rust","1011","42302"
"watchers/neo-bridge-watcher-eth/src/live/file_journal.rs","bridge-watchers","rust","492","19839"
"watchers/neo-bridge-watcher-eth/src/live/health.rs","bridge-watchers","rust","649","26646"
"watchers/neo-bridge-watcher-eth/src/live/mod.rs","bridge-watchers","rust","36","1374"
"watchers/neo-bridge-watcher-eth/src/live/neo_rpc.rs","bridge-watchers","rust","669","25542"
"watchers/neo-bridge-watcher-eth/src/live/test_support.rs","bridge-watchers","rust","77","2982"
"watchers/neo-bridge-watcher-eth/src/messaging.rs","bridge-watchers","rust","208","8420"
"watchers/neo-bridge-watcher-eth/src/proof.rs","bridge-watchers","rust","223","7435"
"watchers/neo-bridge-watcher-eth/src/signer.rs","bridge-watchers","rust","173","6531"
"watchers/neo-bridge-watcher-eth/src/submitter.rs","bridge-watchers","rust","78","2374"
"watchers/neo-bridge-watcher-eth/tests/daemon_run_loop_smoke.rs","bridge-watchers","rust","280","10169"
"watchers/neo-bridge-watcher-eth/tests/parity.rs","bridge-watchers","rust","112","4481"
"watchers/neo-bridge-watcher-eth/tests/preflight_smoke.rs","bridge-watchers","rust","554","20894"
"watchers/neo-bridge-watcher-sol/Cargo.toml","bridge-watchers","toml","19","649"
"watchers/neo-bridge-watcher-sol/src/lib.rs","bridge-watchers","rust","206","8129"
"watchers/neo-bridge-watcher-sol/tests/parity.rs","bridge-watchers","rust","104","4158"
"watchers/neo-bridge-watcher-tron/Cargo.toml","bridge-watchers","toml","20","728"
"watchers/neo-bridge-watcher-tron/src/lib.rs","bridge-watchers","rust","111","4782"
"watchers/neo-bridge-watcher-tron/tests/parity.rs","bridge-watchers","rust","82","3357"
"WHITEPAPER.md","root-governance-docs","markdown","566","33018"
